{"Fitness Score": 310.4, "Game Score": 310.4, "_timestamp": 1708885868.6659079, "_runtime": 11343.547246932983, "_step": 399, "_wandb": {"runtime": 11342}}