{"Fitness Score": 294.4, "Game Score": 294.4, "_timestamp": 1710513467.924052, "_runtime": 565.2977139949799, "_step": 4, "_wandb": {"runtime": 688}}