{"Fitness Score": 4148.0, "Game Score": 326.4, "_timestamp": 1709564200.2308316, "_runtime": 29631.125985622406, "_step": 199, "_wandb": {"runtime": 29630}}