{"Fitness Score": 1478.0, "Game Score": 307.2, "_timestamp": 1710107152.5140228, "_runtime": 37888.368533849716, "_step": 199, "_wandb": {"runtime": 37887}}