{"Fitness Score": 281.6, "Game Score": 281.6, "_timestamp": 1710604267.5317802, "_runtime": 33539.067437171936, "_step": 199, "_wandb": {"runtime": 33538}}