{"Fitness Score": 261.0, "Game Score": 320.0, "_timestamp": 1709839397.829395, "_runtime": 41589.884466171265, "_step": 199, "_wandb": {"runtime": 41589}}