{"Fitness Score": 2002.0, "Game Score": 208.0, "_timestamp": 1708775993.9469929, "_runtime": 18.889402866363525, "_step": 0, "_wandb": {"runtime": 18}}