{"Fitness Score": 345.6, "Game Score": 345.6, "_timestamp": 1710551263.1238208, "_runtime": 37615.0130648613, "_step": 199, "_wandb": {"runtime": 37614}}