{"Fitness Score": 268.8, "Game Score": 268.8, "_timestamp": 1708798973.0339258, "_runtime": 2774.53120970726, "_step": 99, "_wandb": {"runtime": 2773}}