{"Fitness Score": 2751.0, "Game Score": 256.0, "_timestamp": 1709783935.1232865, "_runtime": 36086.84622454643, "_step": 199, "_wandb": {"runtime": 36086}}