{"Fitness Score": 1264.0, "Game Score": 268.8, "_timestamp": 1710144647.684028, "_runtime": 5947.331712961197, "_step": 99, "_wandb": {"runtime": 5946}}