{"Fitness Score": 1696.0, "Game Score": 339.2, "_timestamp": 1711232138.1459026, "_runtime": 40213.87703752518, "_step": 199, "_wandb": {"runtime": 40213}}