{"Fitness Score": 2857.0, "Game Score": 243.2, "_timestamp": 1708776429.862151, "_runtime": 249.31772685050964, "_step": 5, "_wandb": {"runtime": 254}}