{"Fitness Score": 307.2, "Game Score": 307.2, "_timestamp": 1708805189.649729, "_runtime": 5631.747316122055, "_step": 199, "_wandb": {"runtime": 5630}}