{"Fitness Score": 448.0, "Game Score": 448.0, "_timestamp": 1709511605.0744884, "_runtime": 25174.770419359207, "_step": 199, "_wandb": {"runtime": 25174}}