{"Fitness Score": 268.8, "Game Score": 268.8, "_timestamp": 1708866314.8818076, "_runtime": 18739.9269156456, "_step": 199, "_wandb": {"runtime": 18738}}