{"Fitness Score": 371.2, "Game Score": 371.2, "_timestamp": 1709592091.9208899, "_runtime": 10971.635058879852, "_step": 87, "_wandb": {"runtime": 11062}}