{"Fitness Score": 332.8, "Game Score": 332.8, "_timestamp": 1708951028.5237522, "_runtime": 12032.44961309433, "_step": 199, "_wandb": {"runtime": 12031}}