{"Fitness Score": 232.0, "Game Score": 256.0, "_timestamp": 1710497152.7724347, "_runtime": 5176.9585926532745, "_step": 99, "_wandb": {"runtime": 5176}}