{"Fitness Score": 281.6, "Game Score": 281.6, "_timestamp": 1710692349.910587, "_runtime": 35490.07189011574, "_step": 199, "_wandb": {"runtime": 35489}}