{"Fitness Score": 435.2, "Game Score": 435.2, "_timestamp": 1709158967.574919, "_runtime": 182999.27762389183, "_step": 197}